154.94.237.161	tabby.cnxiaobai.com
207.148.109.124	207.148.109.124.vultrusercontent.com
5.78.203.59	static.59.203.78.5.clients.your-server.de
172.233.181.173	172-233-181-173.ip.linodeusercontent.com
66.98.125.31	66.98.125.31.16clouds.com
3.80.115.91	usetabby.com
15.204.235.206	vps-6b5e2ade.vps.ovh.us
192.190.87.213	mail.tabbychapman.com
89.167.106.245	static.245.106.167.89.clients.your-server.de
2a01:4f8:192:6142::2	tabbytv.com
64.188.104.120	272585.senko.network
5.9.83.215	static.215.83.9.5.clients.your-server.de
186.232.194.57	186-232-194-57.PROXXIMA.NET
45.56.74.40	li924-40.members.linode.com
149.50.149.208	vps-4830407-x.dattaweb.com
207.161.155.50	wnpgmb0614w-ds01-161-155-50.dynamic.bellmts.net
34.205.20.77	ec2-34-205-20-77.compute-1.amazonaws.com
144.34.238.49	mail.joyocapital.com
97.64.30.72	97.64.30.72.16clouds.com
107.173.165.126	107-173-165-126-host.colocrossing.com
38.242.244.234	vmi2179385.contaboserver.net
198.7.125.50	mail.samada.tech
62.171.139.103	vmi3133082.contaboserver.net
66.98.125.31	66.98.125.31.16clouds.com
154.17.236.60	Host-By.DMIT.com
74.112.77.246	pterodactyl.tabithahanegan.com
143.42.19.239	143-42-19-239.ip.linodeusercontent.com
98.93.13.53	ec2-98-93-13-53.compute-1.amazonaws.com
193.181.23.15	15-23-181-193.cust.swehosting.se
185.194.53.93	s27842.vps.hosting
15.235.214.158	ns5026572.ip-15-235-214.net
195.201.62.3	static.3.62.201.195.clients.your-server.de
185.228.26.74	cheddo.bg
142.171.45.145	145-219-234-23-dedicated.multacom.com
45.33.56.196	li1006-196.members.linode.com
212.87.213.117	routing.mythicalsystems.xyz
104.223.22.86	104-223-22-86-host.colocrossing.com
192.187.99.164	prolificful.com
95.181.190.241	95.181.190.241.16clouds.com
34.210.180.69	mail.fattabbybrewing.com
100.27.171.81	ec2-100-27-171-81.compute-1.amazonaws.com
