100.28.20.219		<!DOCTYPE html><html lang="en"><head><meta charSet="utf-8" data-next-head=""/><meta name="viewport" content="width=device-width" data-next-head=""/><l	{"status":"OK","version":"3.131.0"}
101.47.159.78		<!DOCTYPE html><html lang="en"><head><meta charSet="utf-8" data-next-head=""/><meta name="viewport" content="width=device-width" data-next-head=""/><l	{"status":"OK","version":"3.150.0"}
106.52.35.113		<!DOCTYPE html><html lang="en"><head><meta charSet="utf-8"/><meta name="viewport" content="width=device-width, initial-scale=1"/><link rel="preload" a	{"status":"OK","version":"3.163.0"}
120.26.144.39		<!DOCTYPE html><html lang="en"><head><meta charSet="utf-8"/><meta name="viewport" content="width=device-width"/><meta name="next-head-count" content="	{"status":"OK","version":"3.106.3"}
121.43.156.22		<!DOCTYPE html><html lang="en"><head><meta charSet="utf-8" data-next-head=""/><meta name="viewport" content="width=device-width" data-next-head=""/><l	{"status":"OK","version":"3.138.0"}
124.221.146.56		<!DOCTYPE html><html lang="en"><head><meta charSet="utf-8" data-next-head=""/><meta name="viewport" content="width=device-width" data-next-head=""/><l	{"status":"OK","version":"3.153.0"}
13.212.244.121		<!DOCTYPE html><html lang="en"><head><meta charSet="utf-8" data-next-head=""/><meta name="viewport" content="width=device-width" data-next-head=""/><l	{"status":"OK","version":"3.152.0"}
13.233.166.205		<!DOCTYPE html><html lang="en"><head><meta charSet="utf-8"/><meta name="viewport" content="width=device-width, initial-scale=1"/><link rel="preload" a	{"status":"OK","version":"3.170.0"}
13.76.163.166		<!DOCTYPE html><html lang="en"><head><meta charSet="utf-8"/><meta name="viewport" content="width=device-width, initial-scale=1"/><link rel="preload" a	{"status":"OK","version":"3.162.0"}
134.149.51.89		<!DOCTYPE html><html lang="en"><head><meta charSet="utf-8" data-next-head=""/><meta name="viewport" content="width=device-width" data-next-head=""/><l	{"status":"OK","version":"3.159.0"}
157.85.97.38		<!DOCTYPE html><html lang="en"><head><meta charSet="utf-8"/><meta name="viewport" content="width=device-width, initial-scale=1"/><link rel="preload" a	{"status":"OK","version":"3.170.0"}
164.132.57.3		<!DOCTYPE html><html lang="en"><head><meta charSet="utf-8" data-next-head=""/><meta name="viewport" content="width=device-width" data-next-head=""/><l	{"status":"OK","version":"3.155.1"}
172.211.242.223		<!DOCTYPE html><html lang="en"><head><meta charSet="utf-8" data-next-head=""/><meta name="viewport" content="width=device-width" data-next-head=""/><l	{"status":"OK","version":"3.150.0"}
185.164.184.13		<!DOCTYPE html><html lang="en"><head><meta charSet="utf-8" data-next-head=""/><meta name="viewport" content="width=device-width" data-next-head=""/><l	{"status":"OK","version":"3.150.0"}
194.87.115.10		<!DOCTYPE html><html lang="en-US" class="h-full" data-theme="light"><head><meta charSet="utf-8"/><meta name="viewport" content="width=device-width, in	<!DOCTYPE html><html lang="en-US" class="h-full" data-theme="light"><head><meta charSet="utf-8"/><meta name="viewport" content="width=device-width, in
20.198.22.109		<!DOCTYPE html><html lang="en"><head><meta charSet="utf-8"/><meta name="viewport" content="width=device-width, initial-scale=1"/><link rel="preload" a	{"status":"OK","version":"3.162.0"}
20.242.97.201		<!DOCTYPE html><html lang="en"><head><meta charSet="utf-8" data-next-head=""/><meta name="viewport" content="width=device-width" data-next-head=""/><l	{"status":"OK","version":"3.160.0"}
20.4.67.220		<!DOCTYPE html><html lang="en"><head><meta charSet="utf-8"/><meta name="viewport" content="width=device-width"/><meta name="next-head-count" content="	{"status":"OK","version":"3.76.0"}
20.42.46.103		<!DOCTYPE html><html lang="en"><head><meta charSet="utf-8"/><meta name="viewport" content="width=device-width"/><meta name="next-head-count" content="	{"status":"OK","version":"3.106.3"}
20.54.168.131	301 Moved Permanently	<html>
<head><title>301 Moved Permanently</title></head>
<body>
<center><h1>301 Moved Permanently</h1></center>
<hr><center>Microsoft-Azure-Applic	<html>
<head><title>301 Moved Permanently</title></head>
<body>
<center><h1>301 Moved Permanently</h1></center>
<hr><center>Microsoft-Azure-Applic
3.14.85.1		<!DOCTYPE html><html lang="en"><head><meta charSet="utf-8"/><meta name="viewport" content="width=device-width, initial-scale=1"/><link rel="preload" a	{"status":"OK","version":"3.162.0"}
3.239.231.128		<!DOCTYPE html><html lang="en"><head><meta charSet="utf-8" data-next-head=""/><meta name="viewport" content="width=device-width" data-next-head=""/><l	{"status":"OK","version":"3.160.0"}
34.208.255.178		<!DOCTYPE html><html lang="en"><head><meta charSet="utf-8" data-next-head=""/><meta name="viewport" content="width=device-width" data-next-head=""/><l	{"status":"OK","version":"3.155.1"}
34.245.11.213		<!DOCTYPE html><html lang="en"><head><meta charSet="utf-8"/><meta name="viewport" content="width=device-width"/><meta name="next-head-count" content="	{"status":"OK","version":"2.81.0"}
34.28.116.232		<!DOCTYPE html><html lang="en"><head><meta charSet="utf-8" data-next-head=""/><meta name="viewport" content="width=device-width" data-next-head=""/><l	{"status":"OK","version":"3.118.0"}
34.48.1.34		<!DOCTYPE html><html lang="en"><head><meta charSet="utf-8"/><meta name="viewport" content="width=device-width, initial-scale=1"/><link rel="preload" a	{"status":"OK","version":"3.171.0"}
34.76.111.225		<!DOCTYPE html><html lang="en"><head><meta charSet="utf-8"/><meta name="viewport" content="width=device-width, initial-scale=1"/><link rel="preload" a	{"status":"OK","version":"3.167.4"}
34.78.131.46		<!DOCTYPE html><html lang="en"><head><meta charSet="utf-8"/><meta name="viewport" content="width=device-width"/><meta name="next-head-count" content="	{"status":"OK","version":"3.57.0"}
37.27.82.158		<!DOCTYPE html><html lang="en"><head><meta charSet="utf-8"/><meta name="viewport" content="width=device-width"/><meta name="next-head-count" content="	{"status":"OK","version":"3.75.1"}
4.180.201.91		<!DOCTYPE html><html lang="en"><head><meta charSet="utf-8" data-next-head=""/><meta name="viewport" content="width=device-width" data-next-head=""/><l	{"status":"OK","version":"3.146.0"}
46.105.53.84		{
  "database": "ok",
  "version": "12.4.2",
  "commit": "ebade4c739e1aface4ce094934ad85374887a680"
}	{"extra":null,"message":"Unauthorized","messageId":"auth.unauthorized","statusCode":401,"traceID":""}
46.4.48.50		<!DOCTYPE html><html lang="en"><head><meta charSet="utf-8" data-next-head=""/><meta name="viewport" content="width=device-width" data-next-head=""/><l	{"status":"OK","version":"3.158.0"}
5.187.0.135		<!DOCTYPE html><html lang="en"><head><meta charSet="utf-8"/><meta name="viewport" content="width=device-width"/><meta name="next-head-count" content="	{"status":"OK","version":"2.95.11"}
51.91.122.244		<!DOCTYPE html><html lang="en"><head><meta charSet="utf-8"/><meta name="viewport" content="width=device-width, initial-scale=1"/><link rel="preload" a	{"status":"OK","version":"3.162.0"}
51.91.76.98		<!DOCTYPE html><html lang="en"><head><meta charSet="utf-8" data-next-head=""/><meta name="viewport" content="width=device-width" data-next-head=""/><l	{"status":"OK","version":"3.149.0"}
52.23.207.27		<!DOCTYPE html><html lang="en"><head><meta charSet="utf-8" data-next-head=""/><meta name="viewport" content="width=device-width" data-next-head=""/><l	{"status":"OK","version":"3.152.0"}
74.225.254.185		<!DOCTYPE html><html lang="en"><head><meta charSet="utf-8"/><meta name="viewport" content="width=device-width, initial-scale=1"/><link rel="preload" a	{"status":"OK","version":"3.162.0"}
89.167.28.203		<!DOCTYPE html><html lang="en"><head><meta charSet="utf-8"/><meta name="viewport" content="width=device-width, initial-scale=1"/><link rel="preload" a	{"status":"OK","version":"3.169.0"}
89.58.17.112		<!DOCTYPE html><html lang="en"><head><meta charSet="utf-8" data-next-head=""/><meta name="viewport" content="width=device-width" data-next-head=""/><l	{"status":"OK","version":"3.133.0"}
91.99.120.8		<!DOCTYPE html><html lang="en"><head><meta charSet="utf-8" data-next-head=""/><meta name="viewport" content="width=device-width" data-next-head=""/><l	{"status":"OK","version":"3.160.0"}
91.99.201.32		<!DOCTYPE html><html lang="en"><head><meta charSet="utf-8"/><meta name="viewport" content="width=device-width"/><meta name="next-head-count" content="	{"status":"OK","version":"3.86.0"}
95.217.152.43		<!DOCTYPE html><html lang="en"><head><meta charSet="utf-8"/><meta name="viewport" content="width=device-width"/><meta name="next-head-count" content="	{"status":"OK","version":"3.47.0"}
95.217.158.179		<!DOCTYPE html><html lang="en"><head><meta charSet="utf-8"/><meta name="viewport" content="width=device-width, initial-scale=1"/><link rel="preload" a	{"status":"OK","version":"3.164.0"}
