107.191.51.227:443	agoont.com;107.191.51.227.vultrusercontent.com
137.184.217.47:3000	
137.184.217.47:443	benchmarkit.solutions
16.148.235.46:443	api.helicone.ai;jawn.helicone.ai;ec2-16-148-235-46.us-west-2.compute.amazonaws.com
184.32.93.55:443	api.helicone.ai;ec2-184-32-93-55.us-west-2.compute.amazonaws.com;jawn.helicone.ai
188.34.196.197:3000	static.197.196.34.188.clients.your-server.de
20.197.48.86:3000	
20.55.49.156:443	helicone.boy01-vir.usa.egrx.us
34.149.150.86:443	stg-promptproof.hatchandco.cloud;86.150.149.34.bc.googleusercontent.com
34.168.167.203:443	helicone.eclypsium.io;203.167.168.34.bc.googleusercontent.com
34.215.36.183:443	api.helicone.ai;ec2-34-215-36-183.us-west-2.compute.amazonaws.com;jawn.helicone.ai
34.36.125.39:443	helicone.lhapps.net;39.125.36.34.bc.googleusercontent.com
44.232.135.150:443	ec2-44-232-135-150.us-west-2.compute.amazonaws.com
47.251.252.141:443	www.helicone.yahyah.fun;helicone.yahyah.fun
5.100.255.188:3000	
5.100.255.188:443	ai.daf-yomi.com
52.213.104.178:443	ec2-52-213-104-178.eu-west-1.compute.amazonaws.com;eu.api.helicone.ai
52.51.24.132:443	ec2-52-51-24-132.eu-west-1.compute.amazonaws.com;eu.api.helicone.ai
62.171.190.103:3000	vmi3071145.contaboserver.net
74.208.17.59:443	www.q7core.com;q7core.com;ip74-208-17-59.pbiaas.com
88.99.171.64:443	static.64.171.99.88.clients.your-server.de;api-helicone.dev.bridge-mt.net
