http://98.90.221.236:80	IS-LANGSMITH	v=0.13.40	sessions=401|{"detail":"Invalid token"}	tenants=403|{"detail":"Forbidden"}
http://18.190.166.89:80	IS-LANGSMITH	v=0.13.31	sessions=401|{"detail":"Invalid token"}	tenants=403|{"detail":"Forbidden"}
http://95.111.128.75:80	IS-LANGSMITH	v=0.14.8	sessions=401|{"detail":"Invalid token"}	tenants=401|{"detail":"Invalid token"}
https://18.232.20.158:443	IS-LANGSMITH	v=0.12.48	sessions=401|{"detail":"Invalid token"}	tenants=401|{"detail":"Invalid token"}
http://23.21.18.113:80	IS-LANGSMITH	v=0.13.40	sessions=401|{"detail":"Invalid token"}	tenants=403|{"detail":"Forbidden"}
http://177.222.76.42:80	IS-LANGSMITH	v=0.14.4	sessions=401|{"detail":"Invalid token"}	tenants=401|{"detail":"Invalid token"}
http://52.11.93.143:80	IS-LANGSMITH	v=0.10.91	sessions=401|{"detail":"Invalid token"}	tenants=403|{"detail":"Forbidden"}
http://35.198.85.39:80	IS-LANGSMITH	v=0.14.8	sessions=401|{"detail":"Invalid token"}	tenants=401|{"detail":"Invalid token"}
http://20.106.5.246:80	IS-LANGSMITH	v=0.13.14	sessions=401|{"detail":"Invalid token"}	tenants=403|{"detail":"Forbidden"}
https://18.184.230.164:443	IS-LANGSMITH	v=0.12.21	sessions=401|{"detail":"Invalid token"}	tenants=401|{"detail":"Invalid token"}
http://45.78.192.67:80	IS-LANGSMITH	v=0.12.57	sessions=401|{"detail":"Invalid token"}	tenants=403|{"detail":"Forbidden"}
http://52.170.160.178:80	IS-LANGSMITH	v=0.10.116	sessions=401|{"detail":"Invalid token"}	tenants=401|{"detail":"Invalid token"}
http://172.168.75.178:80	IS-LANGSMITH	v=0.11.20	sessions=401|{"detail":"Invalid token"}	tenants=403|{"detail":"Forbidden"}
http://34.102.245.198:80	IS-LANGSMITH	v=0.13.44	sessions=401|{"detail":"Invalid token"}	tenants=401|{"detail":"Invalid token"}
http://34.60.225.233:80	IS-LANGSMITH	v=0.10.124	sessions=401|{"detail":"Invalid token"}	tenants=401|{"detail":"Invalid token"}
http://52.41.174.148:80	IS-LANGSMITH	v=0.10.91	sessions=401|{"detail":"Invalid token"}	tenants=403|{"detail":"Forbidden"}
https://44.253.86.198:443	IS-LANGSMITH	v=0.10.91	sessions=401|{"detail":"Invalid token"}	tenants=403|{"detail":"Forbidden"}
https://52.41.174.148:443	IS-LANGSMITH	v=0.10.91	sessions=401|{"detail":"Invalid token"}	tenants=403|{"detail":"Forbidden"}
http://20.31.240.14:80	IS-LANGSMITH	v=0.13.28	sessions=401|{"detail":"Invalid token"}	tenants=403|{"detail":"Forbidden"}
http://44.253.86.198:80	IS-LANGSMITH	v=0.10.91	sessions=401|{"detail":"Invalid token"}	tenants=403|{"detail":"Forbidden"}
http://34.169.226.148:80	IS-LANGSMITH	v=0.12.35	sessions=401|{"detail":"Invalid token"}	tenants=403|{"detail":"Forbidden"}
http://35.233.232.215:80	IS-LANGSMITH	v=0.14.4	sessions=401|{"detail":"Invalid token"}	tenants=401|{"detail":"Invalid token"}
https://63.176.86.32:443	IS-LANGSMITH	v=0.12.21	sessions=401|{"detail":"Invalid token"}	tenants=401|{"detail":"Invalid token"}
http://34.185.179.69:80	IS-LANGSMITH	v=0.14.4	sessions=401|{"detail":"Invalid token"}	tenants=401|{"detail":"Invalid token"}
https://52.11.93.143:443	IS-LANGSMITH	v=0.10.91	sessions=401|{"detail":"Invalid token"}	tenants=403|{"detail":"Forbidden"}
https://204.236.230.63:443	IS-LANGSMITH	v=0.12.48	sessions=401|{"detail":"Invalid token"}	tenants=401|{"detail":"Invalid token"}
https://63.179.205.120:443	IS-LANGSMITH	v=0.12.21	sessions=401|{"detail":"Invalid token"}	tenants=401|{"detail":"Invalid token"}
