http://54.164.8.121:80	Invalid token
http://3.219.199.184:80	Invalid token
http://52.70.228.52:80	Invalid token
http://34.31.171.18:30002	Invalid token
http://34.67.30.98:30002	Invalid token
http://3.212.249.195:80	Invalid token
https://34.111.69.168:443	Invalid token
http://98.90.95.76:80	Invalid token
http://195.26.240.183:5558	Invalid token
http://20.231.116.225:6006	Invalid token
http://34.110.134.25:80	Invalid token
http://20.231.116.225:80	Invalid token
https://18.219.138.221:443	Invalid token
http://163.172.155.120:6006	{"data": {"projects": {"edges": [{"node": {"id": "UHJvamVjdDox", "name": "default"}}]}}}
http://163.172.146.88:6006	{"data": {"projects": {"edges": [{"node": {"id": "UHJvamVjdDox", "name": "default"}}]}}}
http://212.47.234.216:6006	{"data": {"projects": {"edges": [{"node": {"id": "UHJvamVjdDox", "name": "default"}}]}}}
https://35.89.87.215:443	Invalid token
https://16.146.225.122:443	Invalid token
http://163.172.151.174:6006	{"data": {"projects": {"edges": [{"node": {"id": "UHJvamVjdDox", "name": "default"}}]}}}
http://51.15.193.172:6006	{"data": {"projects": {"edges": [{"node": {"id": "UHJvamVjdDox", "name": "default"}}]}}}
http://51.159.138.130:6006	{"data": {"projects": {"edges": [{"node": {"id": "UHJvamVjdDox", "name": "default"}}, {"node": {"id": "UHJvamVjdDoy", "name": "made-doc-analysis-llm-app"}}]}}}
http://51.158.119.227:6007	{"data": {"projects": {"edges": [{"node": {"id": "UHJvamVjdDox", "name": "default"}}]}}}
http://163.172.176.76:6007	{"data": {"projects": {"edges": [{"node": {"id": "UHJvamVjdDox", "name": "default"}}]}}}
https://54.174.12.0:443	Invalid token
http://51.15.207.110:6007	{"data": {"projects": {"edges": [{"node": {"id": "UHJvamVjdDox", "name": "default"}}]}}}
https://35.167.126.172:443	Invalid token
http://82.165.40.85:6006	{"data": {"projects": {"edges": [{"node": {"id": "UHJvamVjdDox", "name": "default"}}]}}}
https://3.138.167.170:443	Invalid token
http://52.54.219.173:80	Invalid token
http://147.45.229.158:8089	<html><head><title>400 The plain HTTP request was sent to HTTPS port</title></head><body><center><h1>400 Bad Request</h1></center><center>The plain HTTP request was sent to HTTPS port</center><hr><center>nginx</center></body></html>
http://34.216.33.72:80	Invalid token
http://194.68.59.139:6006	{"data": {"projects": {"edges": [{"node": {"id": "UHJvamVjdDox", "name": "default"}}]}}}
https://100.49.203.194:443	Invalid token
https://51.159.159.49:443	Invalid token
https://159.89.216.187:443	Invalid token
http://172.178.38.117:6006	{"data": {"projects": {"edges": [{"node": {"id": "UHJvamVjdDox", "name": "default"}}, {"node": {"id": "UHJvamVjdDoy", "name": "rogers-netops-ai-bot-project"}}, {"node": {"id": "UHJvamVjdDoz", "name": "inference-A100-single"}}, {"node": {"id": "UHJvamVjdDo0", "name": "inference-A100-parallel-workers-4"}}, {"node": {"id": "UHJvamVjdDo1", "name": "inference-A100-parallel-workers-16"}}]}}}
http://116.203.226.151:6006	{"data": {"projects": {"edges": [{"node": {"id": "UHJvamVjdDox", "name": "default"}}]}}}
https://15.161.203.31:443	Invalid token
http://101.37.104.193:8006	{"data": {"projects": {"edges": [{"node": {"id": "UHJvamVjdDox", "name": "default"}}, {"node": {"id": "UHJvamVjdDoy", "name": "playground"}}]}}}
https://34.202.182.32:443	Invalid token
http://169.60.206.53:6006	Invalid token
http://35.186.198.249:80	Invalid token
https://138.201.89.199:443	{"data": {"projects": {"edges": [{"node": {"id": "UHJvamVjdDox", "name": "default"}}, {"node": {"id": "UHJvamVjdDoy", "name": "agent-os"}}]}}}
https://54.146.57.179:443	Invalid token
https://32.184.42.133:443	Invalid token
http://5.78.185.210:6006	{"data": {"projects": {"edges": [{"node": {"id": "UHJvamVjdDox", "name": "default"}}]}}}
http://51.210.96.131:6006	{"data": {"projects": {"edges": [{"node": {"id": "UHJvamVjdDox", "name": "default"}}]}}}
http://202.157.189.61:6006	{"data": {"projects": {"edges": [{"node": {"id": "UHJvamVjdDox", "name": "default"}}, {"node": {"id": "UHJvamVjdDoy", "name": "Jpayroll-AI"}}]}}}
http://20.85.20.155:80	Invalid token
http://137.184.97.71:6006	{"data": {"projects": {"edges": [{"node": {"id": "UHJvamVjdDox", "name": "default"}}]}}}
http://34.122.102.233:6006	Invalid token
http://3.6.143.1:80	{"data": {"projects": {"edges": [{"node": {"id": "UHJvamVjdDox", "name": "default"}}, {"node": {"id": "UHJvamVjdDoy", "name": "prod_v1"}}, {"node": {"id": "UHJvamVjdDoz", "name": "test_v1"}}, {"node": {"id": "UHJvamVjdDo0", "name": "factual-search-api-tracing"}}, {"node": {"id": "UHJvamVjdDo1", "name": "playground"}}]}}}
http://137.184.170.26:6006	{"data": {"projects": {"edges": [{"node": {"id": "UHJvamVjdDox", "name": "default"}}, {"node": {"id": "UHJvamVjdDoy", "name": "DEV-PLANT-vss-agent-3.1.0"}}]}}}
http://157.230.216.225:6006	Invalid token
http://123.30.233.101:6006	{"data": {"projects": {"edges": [{"node": {"id": "UHJvamVjdDox", "name": "default"}}]}}}
https://54.202.64.108:443	<html><head><title>503 Service Temporarily Unavailable</title></head><body><center><h1>503 Service Temporarily Unavailable</h1></center></body></html>
http://47.54.238.82:6006	{"data": {"projects": {"edges": [{"node": {"id": "UHJvamVjdDox", "name": "default"}}]}}}
http://34.57.254.129:6006	{"data": {"projects": {"edges": [{"node": {"id": "UHJvamVjdDox", "name": "default"}}, {"node": {"id": "UHJvamVjdDoy", "name": "attmt_BigQuery_chatbot"}}, {"node": {"id": "UHJvamVjdDoz", "name": "attmt_Rag_Agent"}}]}}}
http://78.129.143.28:6006	Invalid token
http://162.55.27.55:6006	{"data": {"projects": {"edges": [{"node": {"id": "UHJvamVjdDox", "name": "default"}}, {"node": {"id": "UHJvamVjdDoy", "name": "ai_agent_v1"}}, {"node": {"id": "UHJvamVjdDoz", "name": "dialog-agent-stage"}}, {"node": {"id": "UHJvamVjdDo0", "name": "dialog-agent-stage-smoke"}}]}}}
https://98.95.75.15:443	{"data": {"projects": {"edges": [{"node": {"id": "UHJvamVjdDox", "name": "default"}}, {"node": {"id": "UHJvamVjdDoz", "name": "Songbird"}}]}}}
http://134.209.10.163:6006	{"data": {"projects": {"edges": [{"node": {"id": "UHJvamVjdDox", "name": "default"}}]}}}
https://63.181.216.11:443	Invalid token
http://74.241.249.68:6006	{"data": {"projects": {"edges": [{"node": {"id": "UHJvamVjdDox", "name": "default"}}]}}}
http://35.195.26.162:6006	Invalid token
http://146.190.49.7:6006	{"data": {"projects": {"edges": [{"node": {"id": "UHJvamVjdDox", "name": "default"}}, {"node": {"id": "UHJvamVjdDoy", "name": "fl0next-ai-engine"}}, {"node": {"id": "UHJvamVjdDoz", "name": "fl0-agents"}}]}}}
http://62.210.193.211:6006	{"data": {"projects": {"edges": [{"node": {"id": "UHJvamVjdDox", "name": "default"}}, {"node": {"id": "UHJvamVjdDoy", "name": "lexbase-llm-api"}}]}}}
http://34.160.207.173:80	{"data": {"projects": {"edges": [{"node": {"id": "UHJvamVjdDox", "name": "default"}}]}}}
http://52.118.206.194:6006	{"data": {"projects": {"edges": [{"node": {"id": "UHJvamVjdDox", "name": "default"}}]}}}
http://34.60.92.205:6006	{"data": {"projects": {"edges": [{"node": {"id": "UHJvamVjdDox", "name": "default"}}, {"node": {"id": "UHJvamVjdDo1", "name": "evaluators"}}]}}}
https://116.202.110.73:443	Invalid token
http://52.160.70.248:6006	Invalid token
http://54.116.73.224:80	Invalid token
http://54.77.44.31:80	Invalid token
http://15.207.52.81:80	Invalid token
http://34.10.224.114:6006	{"data": {"projects": {"edges": [{"node": {"id": "UHJvamVjdDox", "name": "default"}}]}}}
http://13.228.68.200:80	{"data": {"projects": {"edges": [{"node": {"id": "UHJvamVjdDox", "name": "default"}}, {"node": {"id": "UHJvamVjdDoy", "name": "brand-content"}}, {"node": {"id": "UHJvamVjdDoz", "name": "brand-recognize"}}, {"node": {"id": "UHJvamVjdDo0", "name": "brand-sentiment"}}, {"node": {"id": "UHJvamVjdDo1", "name": "test-debug"}}]}}}
http://54.174.127.174:80	Invalid token
http://191.233.5.74:6006	{"data": {"projects": {"edges": [{"node": {"id": "UHJvamVjdDox", "name": "default"}}, {"node": {"id": "UHJvamVjdDoy", "name": "graphrag-api"}}]}}}
http://24.144.113.134:6006	{"data": {"projects": {"edges": [{"node": {"id": "UHJvamVjdDox", "name": "default"}}]}}}
http://200.9.65.187:6006	
http://8.149.142.119:80	Invalid token
http://172.206.249.157:6006	Invalid token
https://107.20.190.81:443	Invalid token
https://180.184.181.34:443	Invalid token
http://32.193.129.54:80	Invalid token
http://100.55.164.90:80	{"data": {"projects": {"edges": [{"node": {"id": "UHJvamVjdDox", "name": "default"}}, {"node": {"id": "UHJvamVjdDoy", "name": "my-llm-app"}}]}}}
https://13.223.194.41:443	Invalid token
http://35.200.110.168:6006	{"data": {"projects": {"edges": [{"node": {"id": "UHJvamVjdDox", "name": "default"}}]}}}
https://54.208.215.145:443	Invalid token
http://54.197.218.60:80	Invalid token
http://172.199.106.92:80	{"data": {"projects": {"edges": [{"node": {"id": "UHJvamVjdDox", "name": "default"}}]}}}
http://124.220.54.30:6006	Invalid token
https://3.149.131.72:443	Invalid token
http://18.169.42.221:80	Invalid token
http://13.37.207.51:80	Invalid token
http://13.39.255.243:80	Invalid token
http://13.39.97.114:80	Invalid token
http://78.46.88.7:80	{"data": {"projects": {"edges": [{"node": {"id": "UHJvamVjdDox", "name": "default"}}]}}}
http://34.102.132.121:80	Invalid token
https://35.186.198.249:443	Invalid token
http://15.134.167.185:80	Invalid token
http://34.54.113.103:80	Invalid token
http://116.202.110.73:80	Invalid token
https://3.233.10.178:443	<!DOCTYPE html><html><head><title>404 No Such Service</title></head><body bgcolor="white"><center><h1>404 No Such Service</h1></center></body></html>
http://47.92.197.149:6006	{"data": {"projects": {"edges": [{"node": {"id": "UHJvamVjdDox", "name": "default"}}, {"node": {"id": "UHJvamVjdDoy", "name": "youtu_agent"}}]}}}
http://129.158.197.145:80	Invalid token
https://34.206.241.60:443	Invalid token
http://159.146.89.226:9006	{"data": {"projects": {"edges": [{"node": {"id": "UHJvamVjdDox", "name": "default"}}, {"node": {"id": "UHJvamVjdDoz", "name": "Lend"}}, {"node": {"id": "UHJvamVjdDo0", "name": "Lendistry"}}]}}}
http://4.255.37.60:6006	{"data": {"projects": {"edges": [{"node": {"id": "UHJvamVjdDox", "name": "default"}}, {"node": {"id": "UHJvamVjdDoy", "name": "agentic-nlq-api"}}]}}}
http://20.216.36.219:6006	{"data": {"projects": {"edges": [{"node": {"id": "UHJvamVjdDox", "name": "default"}}, {"node": {"id": "UHJvamVjdDoy", "name": "protocol-dubai-callcenter"}}]}}}
http://34.201.206.44:80	{"data": {"projects": {"edges": [{"node": {"id": "UHJvamVjdDox", "name": "default"}}]}}}
http://54.186.50.154:80	Invalid token
https://20.244.41.149:443	Invalid token
http://52.22.217.235:80	404 Not Found: Requested route does not exist.
https://54.229.5.221:443	<!DOCTYPE html><html lang="es"><head><meta charSet="utf-8"/><meta name="viewport" content="width=device-width"/><meta name="robots" content="index,follow"/><meta property="og:url" content="https://pinks.com"/><meta property="og:type" content="website"/><meta property="og:locale" content="es_ES"/><meta property="og:site_name" content="seo.title"/><link rel="canonical" href="https://pinks.com"/><met
http://132.220.93.185:6006	{"data": {"projects": {"edges": [{"node": {"id": "UHJvamVjdDox", "name": "default"}}]}}}
https://44.214.92.126:443	Invalid token
http://112.124.68.61:6006	Invalid token
https://34.196.213.102:443	Invalid token
http://34.87.157.192:80	Invalid token
https://3.215.236.145:443	<!DOCTYPE HTML PUBLIC "-//W3C//DTD HTML 4.01//EN" "http://www.w3.org/TR/html4/strict.dtd"><html><head><title>404 Not Found</title></head><body><h1>Not Found</h1><p>The requested URL was not found on this server.</p></body></html>
http://143.110.176.29:6006	{"data": {"projects": {"edges": [{"node": {"id": "UHJvamVjdDox", "name": "default"}}]}}}
http://76.249.136.40:6006	{"data": {"projects": {"edges": [{"node": {"id": "UHJvamVjdDox", "name": "default"}}, {"node": {"id": "UHJvamVjdDoy", "name": "Hapi-AI"}}]}}}
https://52.18.101.156:443	Invalid token
http://35.200.159.150:80	{"data": {"projects": {"edges": [{"node": {"id": "UHJvamVjdDox", "name": "default"}}]}}}
http://62.169.20.121:6006	
http://35.228.102.214:6006	
http://20.246.209.116:6006	{"data": {"projects": {"edges": [{"node": {"id": "UHJvamVjdDox", "name": "default"}}]}}}
http://169.60.206.52:6006	Invalid token
http://101.200.35.242:6006	{"data": {"projects": {"edges": [{"node": {"id": "UHJvamVjdDox", "name": "default"}}]}}}
http://34.72.66.163:6006	{"data": {"projects": {"edges": [{"node": {"id": "UHJvamVjdDox", "name": "default"}}, {"node": {"id": "UHJvamVjdDoy", "name": "doc-qa-api"}}]}}}
http://34.23.90.218:6006	{"data": {"projects": {"edges": [{"node": {"id": "UHJvamVjdDox", "name": "default"}}, {"node": {"id": "UHJvamVjdDoz", "name": "playground"}}]}}}
http://172.190.162.246:6006	Invalid token
http://34.42.247.131:6006	{"data": {"projects": {"edges": [{"node": {"id": "UHJvamVjdDox", "name": "default"}}, {"node": {"id": "UHJvamVjdDoy", "name": "dev-test"}}]}}}
http://20.242.190.155:6006	{"data": {"projects": {"edges": [{"node": {"id": "UHJvamVjdDox", "name": "default"}}]}}}
https://44.255.162.3:443	<html><head><title>403 Forbidden</title></head><body><center><h1>403 Forbidden</h1></center></body></html>
https://3.111.165.245:443	{"data": {"projects": {"edges": [{"node": {"id": "UHJvamVjdDox", "name": "default"}}, {"node": {"id": "UHJvamVjdDoy", "name": "Gargi"}}, {"node": {"id": "UHJvamVjdDoz", "name": "GargiProd"}}]}}}
http://180.184.181.34:80	Invalid token
http://37.205.13.223:6006	Invalid token
http://116.62.103.78:80	Invalid token
http://47.238.64.150:6006	{"data": {"projects": {"edges": [{"node": {"id": "UHJvamVjdDox", "name": "default"}}, {"node": {"id": "UHJvamVjdDoy", "name": "medical-insurance-copilot"}}, {"node": {"id": "UHJvamVjdDoz", "name": "illumi-sdk"}}, {"node": {"id": "UHJvamVjdDo0", "name": "medical-insurance-copilot_hzn_test"}}, {"node": {"id": "UHJvamVjdDo1", "name": "env::ILLUMI_PROJECT_NAME"}}]}}}
http://185.216.21.164:6006	{"data": {"projects": {"edges": [{"node": {"id": "UHJvamVjdDox", "name": "default"}}, {"node": {"id": "UHJvamVjdDoy", "name": "gaia_ultrafast_agent"}}, {"node": {"id": "UHJvamVjdDoz", "name": "gaia_single_agent"}}, {"node": {"id": "UHJvamVjdDo0", "name": "gaia_multi_agent"}}, {"node": {"id": "UHJvamVjdDo1", "name": "gaia_ultrafast_ollama"}}]}}}
http://47.93.85.69:6006	{"data": {"projects": {"edges": [{"node": {"id": "UHJvamVjdDox", "name": "default"}}, {"node": {"id": "UHJvamVjdDoy", "name": "kuavo_192.168.10.18"}}, {"node": {"id": "UHJvamVjdDoz", "name": "kuavo5_192.168.40.105"}}, {"node": {"id": "UHJvamVjdDo1", "name": "playground"}}, {"node": {"id": "UHJvamVjdDo2", "name": "booster_192.168.10.17"}}]}}}
http://37.230.196.31:6006	Invalid token
http://180.93.1.111:6006	{"data": {"projects": {"edges": [{"node": {"id": "UHJvamVjdDox", "name": "default"}}]}}}
http://173.214.172.254:6006	{"data": {"projects": {"edges": [{"node": {"id": "UHJvamVjdDox", "name": "default"}}]}}}
https://34.49.177.95:443	{"data": {"projects": {"edges": [{"node": {"id": "UHJvamVjdDox", "name": "default"}}, {"node": {"id": "UHJvamVjdDoy", "name": "demo_agents"}}, {"node": {"id": "UHJvamVjdDoz", "name": "demo_llama_index"}}]}}}
http://159.223.30.72:6006	{"data": {"projects": {"edges": [{"node": {"id": "UHJvamVjdDox", "name": "default"}}, {"node": {"id": "UHJvamVjdDoy", "name": "tiny-mango-ai"}}]}}}
http://148.251.184.231:6006	{"data": {"projects": {"edges": [{"node": {"id": "UHJvamVjdDox", "name": "default"}}]}}}
http://172.169.36.186:80	Invalid token
http://94.102.214.61:6006	Invalid token
https://32.195.20.106:443	<!DOCTYPE html><html><head><title>404 No Such Service</title></head><body bgcolor="white"><center><h1>404 No Such Service</h1></center></body></html>
http://167.86.90.102:6006	{"data": {"projects": {"edges": [{"node": {"id": "UHJvamVjdDox", "name": "default"}}]}}}
https://3.234.116.7:443	Invalid token
https://35.213.125.62:443	Invalid token
https://38.190.150.39:443	{"data": {"projects": {"edges": [{"node": {"id": "UHJvamVjdDox", "name": "default"}}]}}}
https://34.23.4.130:443	{"data": {"projects": {"edges": [{"node": {"id": "UHJvamVjdDox", "name": "default"}}, {"node": {"id": "UHJvamVjdDoz", "name": "Multi-Agent Engine"}}]}}}
https://20.16.251.134:443	Invalid token
https://78.46.88.7:443	{"data": {"projects": {"edges": [{"node": {"id": "UHJvamVjdDox", "name": "default"}}]}}}
https://34.249.116.211:443	Invalid token
https://63.35.155.223:443	
https://35.213.36.100:443	Invalid token
http://172.214.59.229:6006	{"data": {"projects": {"edges": [{"node": {"id": "UHJvamVjdDox", "name": "default"}}, {"node": {"id": "UHJvamVjdDoy", "name": "agentic-nlq-api"}}]}}}
https://64.23.146.116:16006	
http://121.43.128.208:80	Invalid token
http://144.91.64.149:6006	{"data": {"projects": {"edges": [{"node": {"id": "UHJvamVjdDox", "name": "default"}}]}}}
https://206.189.50.131:443	Invalid token
https://136.110.215.148:443	Invalid token
https://3.149.123.241:443	Request host header not found
https://54.251.196.44:443	{"errors":[{"message":"Unexpected error, please contact our support team","code":"1009001"}]}
https://34.227.0.148:443	
http://51.15.219.182:6007	
https://35.161.132.64:443	
http://173.208.247.17:6006	{"data": {"projects": {"edges": [{"node": {"id": "UHJvamVjdDox", "name": "default"}}, {"node": {"id": "UHJvamVjdDoy", "name": "stt-dr-assistant"}}]}}}
http://52.36.169.126:80	<html><head><title>502 Bad Gateway</title></head><body bgcolor="white"><center><h1>502 Bad Gateway</h1></center><hr><center>nginx/1.12.1</center></body></html>
https://184.34.140.43:443	{ "httpStatus": 400, "service": "content-lb-mallcop", "message": "No listener rule found"}
http://52.51.33.53:80	
https://52.200.210.154:443	
http://54.217.208.148:80	<html><head><title>302 Found</title></head><body><center><h1>302 Found</h1></center><hr><center>nginx</center></body></html>
https://3.91.142.196:443	
http://18.136.150.121:80	
http://194.163.130.146:6006	{"data": {"projects": {"edges": [{"node": {"id": "UHJvamVjdDox", "name": "default"}}]}}}
http://136.112.2.173:6006	{"data": {"projects": {"edges": [{"node": {"id": "UHJvamVjdDox", "name": "default"}}, {"node": {"id": "UHJvamVjdDoz", "name": "evaluators"}}]}}}
http://34.230.131.188:80	
http://52.23.55.51:80	
https://3.13.36.43:443	<html><head><title>503 Service Temporarily Unavailable</title></head><body><center><h1>503 Service Temporarily Unavailable</h1></center></body></html>
https://54.68.118.148:443	
https://13.237.53.76:443	
https://54.207.33.108:443	
http://3.1.189.83:80	{"data": {"projects": {"edges": [{"node": {"id": "UHJvamVjdDox", "name": "default"}}, {"node": {"id": "UHJvamVjdDoy", "name": "brand-content"}}, {"node": {"id": "UHJvamVjdDoz", "name": "brand-recognize"}}, {"node": {"id": "UHJvamVjdDo0", "name": "brand-sentiment"}}, {"node": {"id": "UHJvamVjdDo1", "name": "test-debug"}}]}}}
https://50.112.91.197:443	
http://43.209.90.143:80	
http://163.172.166.113:6007	
https://34.248.118.131:443	Invalid token
http://52.221.62.254:80	
http://34.133.205.22:6006	{"data": {"projects": {"edges": [{"node": {"id": "UHJvamVjdDox", "name": "default"}}, {"node": {"id": "UHJvamVjdDoy", "name": "test_project"}}, {"node": {"id": "UHJvamVjdDo1", "name": "evaluators"}}, {"node": {"id": "UHJvamVjdDo1OA==", "name": "univision_BigQuery_chatbot"}}, {"node": {"id": "UHJvamVjdDo2MQ==", "name": "univision_test"}}]}}}
http://47.251.246.12:6006	{"data": {"projects": {"edges": [{"node": {"id": "UHJvamVjdDox", "name": "default"}}, {"node": {"id": "UHJvamVjdDoy", "name": "deepagents-monitor-verify"}}]}}}
http://54.233.119.138:80	
http://35.231.248.197:6006	{"data": {"projects": {"edges": [{"node": {"id": "UHJvamVjdDox", "name": "default"}}]}}}
https://35.82.226.81:443	
http://44.205.59.75:80	{"data": {"projects": {"edges": [{"node": {"id": "UHJvamVjdDox", "name": "default"}}, {"node": {"id": "UHJvamVjdDoy", "name": "caylent-poc"}}, {"node": {"id": "UHJvamVjdDo4", "name": "playground"}}, {"node": {"id": "UHJvamVjdDoxMw==", "name": "carrier-email-generation"}}, {"node": {"id": "UHJvamVjdDoxNA==", "name": "invoice-discrepancy"}}]}}}
http://107.21.81.51:80	Invalid token
http://20.84.50.254:6006	Invalid token
http://140.245.17.141:80	{"data": {"projects": {"edges": [{"node": {"id": "UHJvamVjdDox", "name": "default"}}]}}}
http://52.78.63.27:80	
https://4.180.175.162:443	Invalid token
http://34.128.157.9:80	
http://13.126.58.90:80	<html><head><title>403 Forbidden</title></head><body><center><h1>403 Forbidden</h1></center></body></html>
https://13.58.195.80:443	
http://52.48.197.153:80	
https://13.216.125.115:443	
https://34.107.132.123:443	
https://34.93.215.14:443	{"data": {"projects": {"edges": [{"node": {"id": "UHJvamVjdDox", "name": "default"}}, {"node": {"id": "UHJvamVjdDoy", "name": "KapEX"}}]}}}
http://20.253.29.16:6006	{"data": {"projects": {"edges": [{"node": {"id": "UHJvamVjdDox", "name": "default"}}, {"node": {"id": "UHJvamVjdDoy", "name": "agentic-nlq-api"}}]}}}
http://20.174.109.102:80	Invalid token
https://172.199.106.92:443	{"data": {"projects": {"edges": [{"node": {"id": "UHJvamVjdDox", "name": "default"}}]}}}
https://15.207.180.227:443	Invalid token
http://43.200.221.195:80	<html><head><title>301 Moved Permanently</title></head><body><center><h1>301 Moved Permanently</h1></center></body></html>
https://3.120.63.229:443	<html><head><title>403 Forbidden</title></head><body><center><h1>403 Forbidden</h1></center></body></html>
http://39.102.34.251:80	Invalid token
http://51.15.203.254:6007	{"data": {"projects": {"edges": [{"node": {"id": "UHJvamVjdDox", "name": "default"}}]}}}
http://3.85.152.72:80	<html><head><title>301 Moved Permanently</title></head><body><center><h1>301 Moved Permanently</h1></center></body></html>
http://3.87.103.198:80	
https://130.131.163.161:443	Invalid token
http://35.228.21.183:6006	{"data": {"projects": {"edges": [{"node": {"id": "UHJvamVjdDox", "name": "default"}}, {"node": {"id": "UHJvamVjdDoy", "name": "New Retrieval"}}]}}}
https://35.85.131.75:443	<!doctype html><html><head>  <title>Centrify</title>  <link rel="stylesheet" type="text/css" href="https://pod0test1pod11.pods.centrifyawsdev.com/vfslow/lib/branding/centrify/errorpages/style.css" /></head><body class="error centrify">  <div class="wrap">    <img src="https://pod0test1pod11.pods.centrifyawsdev.com/vfslow/lib/branding/centrify/errorpages/centrify_logo_390x92.p
https://52.205.179.114:443	User is not authorized to perform this action
http://34.93.186.89:80	Invalid token
http://13.234.181.152:80	<html><head><title>301 Moved Permanently</title></head><body><center><h1>301 Moved Permanently</h1></center></body></html>
https://44.235.118.24:443	
http://13.223.215.86:80	<!DOCTYPE HTML PUBLIC "-//IETF//DTD HTML 2.0//EN"><html><head><title>302 Found</title></head><body><h1>Found</h1><p>The document has moved <a href="https://13.223.215.86/graphql">here</a>.</p></body></html>
http://34.30.95.80:6006	{"data": {"projects": {"edges": [{"node": {"id": "UHJvamVjdDox", "name": "default"}}, {"node": {"id": "UHJvamVjdDoy", "name": "al-hattab-chatbot"}}]}}}
http://142.93.110.237:6006	{"data": {"projects": {"edges": [{"node": {"id": "UHJvamVjdDox", "name": "default"}}]}}}
https://129.158.197.145:443	Invalid token
https://192.241.187.139:443	Invalid token
https://5.78.184.183:16006	
https://52.86.221.8:443	
https://3.213.243.129:443	Invalid token
https://18.235.17.167:443	Invalid token
https://34.8.219.44:443	Invalid token
https://52.207.21.15:443	<!DOCTYPE html><html><head><title>404 No Such Service</title></head><body bgcolor="white"><center><h1>404 No Such Service</h1></center></body></html>
https://91.99.77.207:443	Invalid token
http://18.136.46.64:80	
https://54.68.241.255:443	
https://3.248.99.210:443	
https://184.33.107.96:443	<html><head><title>302 Found</title></head><body><center><h1>302 Found</h1></center></body></html>
https://52.88.67.100:443	Invalid token
http://52.7.211.147:80	
https://18.214.250.28:443	Resource not Found - Please define HOST header
https://100.22.206.45:443	Not Found 
https://35.213.46.118:443	Invalid token
http://35.184.52.132:80	Invalid token
https://16.146.232.108:443	
https://34.241.154.227:443	<html><head><title>503 Service Temporarily Unavailable</title></head><body><center><h1>503 Service Temporarily Unavailable</h1></center></body></html>
https://57.159.28.46:443	Invalid token
http://54.164.156.194:80	
https://54.209.179.27:443	
http://51.16.110.92:80	
https://52.89.134.179:443	
http://4.172.242.208:80	Invalid token
https://18.218.20.29:443	
https://3.231.234.21:443	
http://3.11.202.20:80	Not Found
http://43.210.138.30:80	
https://44.196.54.154:443	<!doctype html><html lang="en"><head><meta charset="utf-8" /><meta name="viewport" content="width=device-width, initial-scale=1" /><!-- Termly Auto-Blocking Script --><script src="https://app.termly.io/resource-blocker/f1cf4037-eec0-4fc9-b888-b13519b0fffb?autoBlock=on"></script><link href="./_app/immutable/assets/0.Bg2jYcfy.css" rel="stylesheet"><!--12qhfyh--><meta name="des
http://98.89.78.30:80	
https://34.248.125.187:443	
https://35.81.98.17:443	
http://54.66.107.117:80	<!doctype html><html lang="en"><head><title>HTTP Status 404 ‚Äì Not Found</title><style type="text/css">body {font-family:Tahoma,Arial,sans-serif;} h1, h2, h3, b {color:white;background-color:#525D76;} h1 {font-size:22px;} h2 {font-size:16px;} h3 {font-size:14px;} p {font-size:12px;} a {color:black;} .line {height:1px;background-color:#525D76;border:none;}</style></head><body><h1>HTTP Status 404 ‚
http://51.158.71.189:6007	
https://52.64.210.181:443	
http://47.119.115.168:6006	Invalid token
http://35.193.206.38:6006	{"data": {"projects": {"edges": [{"node": {"id": "UHJvamVjdDox", "name": "default"}}]}}}
http://195.58.34.90:6006	
http://18.141.65.2:80	
https://184.32.211.84:443	<!DOCTYPE html><html lang="en"><head><meta charset="utf-8"><title>Error</title></head><body><pre>Cannot POST /graphql</pre></body></html>
https://52.40.252.106:443	<html><head><title>403 Forbidden</title></head><body><center><h1>403 Forbidden</h1></center></body></html>
http://103.118.158.78:6006	
https://3.24.114.89:443	
https://52.32.39.81:443	<!DOCTYPE HTML PUBLIC "-//IETF//DTD HTML 2.0//EN"><html><head><title>404 Not Found</title></head><body><h1>Not Found</h1><p>The requested URL was not found on this server.</p></body></html>
http://44.219.205.48:80	
http://54.207.33.108:80	
http://15.135.27.174:80	
http://159.138.59.104:8000	{"data": {"projects": {"edges": [{"node": {"id": "UHJvamVjdDox", "name": "default"}}]}}}
http://3.39.63.174:80	
http://18.209.39.116:80	
http://3.94.37.224:80	<html><head><title>301 Moved Permanently</title></head><body><center><h1>301 Moved Permanently</h1></center></body></html>
https://44.218.67.117:443	
https://13.237.226.218:443	
https://52.63.180.207:443	404 page not found
http://52.74.244.198:80	
http://135.181.82.202:6006	Invalid token
https://63.184.30.202:443	
http://41.193.204.66:6006	
http://34.128.168.25:80	Invalid token
http://52.86.132.211:80	
http://51.159.188.55:6006	
https://3.217.144.253:443	
https://34.120.201.233:443	Invalid token
http://34.160.71.244:80	
http://44.218.184.175:80	
http://13.213.130.192:80	<html><head><title>404 Not Found</title></head><body><center><h1>404 Not Found</h1></center><hr><center>nginx</center></body></html>
https://54.204.192.221:443	<html><head><title>404 Not Found</title></head><body><center><h1>404 Not Found</h1></center><hr><center>nginx</center></body></html>
https://44.220.99.95:443	
http://62.171.158.77:6006	Invalid token
https://98.95.131.176:443	<html><head><title>503 Service Temporarily Unavailable</title></head><body><center><h1>503 Service Temporarily Unavailable</h1></center></body></html>
https://34.40.51.187:443	{"data": {"projects": {"edges": [{"node": {"id": "UHJvamVjdDox", "name": "default"}}, {"node": {"id": "UHJvamVjdDoy", "name": "Multi-Agent Engine"}}]}}}
https://3.142.254.47:443	
https://20.160.155.67:443	Invalid token
http://98.88.220.7:80	<html><head><title>301 Moved Permanently</title></head><body><center><h1>301 Moved Permanently</h1></center></body></html>
https://34.193.131.1:443	Not Found
https://3.133.177.48:443	
http://65.2.103.221:80	
https://54.229.185.7:443	Welcome to the ArloStreamingServer!
https://46.137.98.59:443	<html><head><title>404 Not Found</title></head><body><center><h1>404 Not Found</h1></center><hr><center>nginx/1.18.0 (Ubuntu)</center></body></html>
http://100.25.27.139:80	
https://52.52.64.246:443	<!DOCTYPE html><html lang="en"><head><meta charset="utf-8"><title>Error</title></head><body><pre>Cannot POST /graphql</pre></body></html>
http://69.16.202.77:6006	Invalid token
http://100.49.172.29:80	
https://34.180.39.39:443	{"data": {"projects": {"edges": [{"node": {"id": "UHJvamVjdDox", "name": "default"}}, {"node": {"id": "UHJvamVjdDoy", "name": "Multi-Agent Engine"}}]}}}
http://54.212.140.152:80	
http://52.55.204.85:80	
https://34.227.94.202:443	
http://34.248.125.187:80	
http://13.205.182.156:80	
https://95.164.89.105:443	Invalid token
https://98.90.86.10:443	
https://44.229.234.212:443	
http://52.6.236.29:80	
https://98.90.181.188:443	
http://54.78.75.117:80	
https://44.236.44.202:443	<html><head><title>401 Authorization Required</title></head><body><center><h1>401 Authorization Required</h1></center></body></html>
http://159.138.155.51:8000	
https://98.95.253.82:443	
http://44.216.56.229:80	
https://44.227.141.99:443	
http://98.84.150.232:80	
https://3.147.216.107:443	
http://62.210.193.120:6006	
http://3.105.25.90:80	<html><head><title>301 Moved Permanently</title></head><body><center><h1>301 Moved Permanently</h1></center></body></html>
http://54.207.203.170:80	
http://32.194.152.239:80	
http://63.32.26.131:80	Service Not Found
http://3.94.39.247:80	
https://18.225.70.190:443	
https://44.226.253.61:443	<!DOCTYPE html><html><head>  <title>Page Not Found</title>  <meta name="viewport" content="width=device-width,initial-scale=1">  <link rel="stylesheet" href="/error-style.css"></head><body>  <div class="wrap">    <div class="wrap-inner">      <div class="logo">        <img src="/surveylocal-icon-lg.png" alt="SkipioReviews Icon" />      </div>    </div>    <div class="wrap-inner">  
http://:	
http://52.56.231.243:80	
http://101.42.32.108:6006	{"data": {"projects": {"edges": [{"node": {"id": "UHJvamVjdDox", "name": "default"}}, {"node": {"id": "UHJvamVjdDoy", "name": "bc_copilot:dev_63"}}]}}}
https://34.216.130.15:443	
http://190.210.105.193:6006	{"data": {"projects": {"edges": [{"node": {"id": "UHJvamVjdDox", "name": "default"}}, {"node": {"id": "UHJvamVjdDo0", "name": "GPU_REPORTS"}}, {"node": {"id": "UHJvamVjdDo1", "name": "TEST_GPU_REPORTS"}}, {"node": {"id": "UHJvamVjdDo3", "name": "evaluators"}}, {"node": {"id": "UHJvamVjdDo0NQ==", "name": "gpu_reports_dev"}}]}}}
https://56.125.248.211:443	
https://35.161.201.13:443	
http://3.248.99.210:80	
http://43.210.205.205:80	
http://54.254.32.191:80	
http://52.201.95.205:80	
http://54.155.11.125:80	
https://54.254.118.59:443	
http://100.48.151.14:80	
http://35.209.106.156:6006	
http://43.210.113.57:80	
https://54.155.11.125:443	
http://3.111.195.68:80	
https://16.148.235.228:443	
http://198.82.162.128:6006	
https://3.217.72.218:443	
https://50.18.188.54:443	
https://54.69.197.86:443	
http://3.231.66.179:80	
https://32.195.191.38:443	
http://13.54.240.236:80	
http://98.86.10.167:80	
http://52.39.102.163:80	
http://52.49.93.104:80	
http://172.188.242.9:80	
