16.58.226.222:443	dev.annotation.bee.ai;ec2-16-58-226-222.us-east-2.compute.amazonaws.com
3.36.44.136:80	ec2-3-36-44-136.ap-northeast-2.compute.amazonaws.com
35.200.129.185:443	185.129.200.35.bc.googleusercontent.com;35.200.129.185.sslip.io
34.175.92.216:80	216.92.175.34.bc.googleusercontent.com
34.79.15.79:443	79.15.79.34.bc.googleusercontent.com;algoan.com
46.225.109.44:443	argilla-f4zep-u22756.vm.elestio.app
20.50.250.107:443	sml.argilla.510.global
51.178.234.195:443	argilla.cellnum.fr
44.239.195.16:443	ec2-44-239-195-16.us-west-2.compute.amazonaws.com;argilla.radai-systems.com
3.9.203.5:443	labs.climatepolicyradar.org;ec2-3-9-203-5.eu-west-2.compute.amazonaws.com
52.43.35.158:443	argilla.radai-systems.com;ec2-52-43-35-158.us-west-2.compute.amazonaws.com
164.92.239.89:443	annotation.konzierge.at
138.201.56.210:80	static.210.56.201.138.clients.your-server.de
35.177.134.61:443	labs.climatepolicyradar.org;ec2-35-177-134-61.eu-west-2.compute.amazonaws.com
34.54.207.128:80	128.207.54.34.bc.googleusercontent.com
35.241.3.1:443	ds-tools.ps.five9.eu;1.3.241.35.bc.googleusercontent.com
32.195.195.48:80	ec2-32-195-195-48.compute-1.amazonaws.com
178.18.244.233:443	vmi1466534.contaboserver.net;mimedis.naiveneuron.com
35.241.3.1:80	1.3.241.35.bc.googleusercontent.com
3.81.181.69:443	ec2-3-81-181-69.compute-1.amazonaws.com
54.214.31.18:443	argilla.radai-systems.com;ec2-54-214-31-18.us-west-2.compute.amazonaws.com
34.198.30.232:443	ec2-34-198-30-232.compute-1.amazonaws.com;hil-us.15gifts.com
18.134.153.165:443	labs.climatepolicyradar.org;ec2-18-134-153-165.eu-west-2.compute.amazonaws.com
3.11.107.137:443	hil.15gifts.com;ec2-3-11-107-137.eu-west-2.compute.amazonaws.com
34.49.242.131:80	131.242.49.34.bc.googleusercontent.com
34.155.184.146:80	146.184.155.34.bc.googleusercontent.com
34.54.207.128:443	128.207.54.34.bc.googleusercontent.com;ds-tools.ps.five9.com
13.135.26.85:443	labs.climatepolicyradar.org;ec2-13-135-26-85.eu-west-2.compute.amazonaws.com
52.4.216.119:80	ec2-52-4-216-119.compute-1.amazonaws.com
34.49.242.131:443	131.242.49.34.bc.googleusercontent.com;ds-tools.ps.five9lab.com
54.145.64.155:443	hil-us.15gifts.com;ec2-54-145-64-155.compute-1.amazonaws.com
54.83.34.24:443	hil-us.15gifts.com;ec2-54-83-34-24.compute-1.amazonaws.com
18.171.107.90:443	labs.climatepolicyradar.org;ec2-18-171-107-90.eu-west-2.compute.amazonaws.com
3.12.183.161:443	ec2-3-12-183-161.us-east-2.compute.amazonaws.com;dev.annotation.bee.ai
3.238.238.155:80	ec2-3-238-238-155.compute-1.amazonaws.com
3.11.76.159:443	labs.climatepolicyradar.org;ec2-3-11-76-159.eu-west-2.compute.amazonaws.com
100.21.2.136:443	argilla.radai-systems.com;ec2-100-21-2-136.us-west-2.compute.amazonaws.com
