38.105.232.166:3000	vmi2915174.contaboserver.net
35.227.160.55:3000	55.160.227.35.bc.googleusercontent.com
49.12.34.32:3000	static.32.34.12.49.clients.your-server.de
13.251.191.46:443	ec2-13-251-191-46.ap-southeast-1.compute.amazonaws.com;wisma.ai
172.96.192.235:12380	172.96.192.235.16clouds.com
3.13.69.153:443	ec2-3-13-69-153.us-east-2.compute.amazonaws.com
16.59.180.110:443	ec2-16-59-180-110.us-east-2.compute.amazonaws.com
64.112.124.114:3000	
34.49.124.177:443	177.124.49.34.bc.googleusercontent.com;api.promptfoo.app
43.204.199.18:80	ec2-43-204-199-18.ap-south-1.compute.amazonaws.com
3.218.253.194:443	evals.dev.generalwisdom.com;ec2-3-218-253-194.compute-1.amazonaws.com
34.21.155.239:8080	239.155.21.34.bc.googleusercontent.com
103.177.248.237:3000	
52.221.117.234:443	wisma.ai;ec2-52-221-117-234.ap-southeast-1.compute.amazonaws.com
147.78.130.168:3000	vmi2647959.contaboserver.net
164.92.124.223:3000	
5.161.245.68:3000	static.68.245.161.5.clients.your-server.de
