100.28.20.219	401|size=37	{"message":"No authorization header"}
101.47.159.78	401|size=37	{"message":"No authorization header"}
106.52.35.113	401|size=37	{"message":"No authorization header"}
120.26.144.39	401|size=37	{"message":"No authorization header"}
121.43.156.22	401|size=37	{"message":"No authorization header"}
124.221.146.56	401|size=37	{"message":"No authorization header"}
13.212.244.121	401|size=37	{"message":"No authorization header"}
13.233.166.205	401|size=37	{"message":"No authorization header"}
13.76.163.166	401|size=37	{"message":"No authorization header"}
134.149.51.89	401|size=37	{"message":"No authorization header"}
157.85.97.38	401|size=37	{"message":"No authorization header"}
164.132.57.3	401|size=37	{"message":"No authorization header"}
172.211.242.223	401|size=37	{"message":"No authorization header"}
185.164.184.13	401|size=37	{"message":"No authorization header"}
20.198.22.109	401|size=37	{"message":"No authorization header"}
20.242.97.201	401|size=37	{"message":"No authorization header"}
20.4.67.220	401|size=37	{"message":"No authorization header"}
20.42.46.103	401|size=37	{"message":"No authorization header"}
3.14.85.1	401|size=37	{"message":"No authorization header"}
3.239.231.128	401|size=37	{"message":"No authorization header"}
34.208.255.178	401|size=37	{"message":"No authorization header"}
34.245.11.213	401|size=37	{"message":"No authorization header"}
34.28.116.232	401|size=37	{"message":"No authorization header"}
34.48.1.34	401|size=37	{"message":"No authorization header"}
34.76.111.225	401|size=37	{"message":"No authorization header"}
34.78.131.46	401|size=37	{"message":"No authorization header"}
37.27.82.158	401|size=37	{"message":"No authorization header"}
4.180.201.91	401|size=37	{"message":"No authorization header"}
46.4.48.50	401|size=37	{"message":"No authorization header"}
5.187.0.135	401|size=37	{"message":"No authorization header"}
51.91.122.244	401|size=37	{"message":"No authorization header"}
51.91.76.98	401|size=37	{"message":"No authorization header"}
52.23.207.27	401|size=37	{"message":"No authorization header"}
74.225.254.185	401|size=37	{"message":"No authorization header"}
89.167.28.203	401|size=37	{"message":"No authorization header"}
89.58.17.112	401|size=37	{"message":"No authorization header"}
91.99.120.8	401|size=37	{"message":"No authorization header"}
91.99.201.32	401|size=37	{"message":"No authorization header"}
95.217.152.43	401|size=37	{"message":"No authorization header"}
95.217.158.179	401|size=37	{"message":"No authorization header"}
