84.46.251.99:443	vmi2896053.contaboserver.net;bhuvaneshwar.iterathon.tech
44.195.223.250:80	ec2-44-195-223-250.compute-1.amazonaws.com
18.143.155.232:443	ec2-18-143-155-232.ap-southeast-1.compute.amazonaws.com;blog.agentsops.ai
121.173.85.5:3000	
56.137.93.106:80	ec2-56-137-93-106.us-gov-west-1.compute.amazonaws.com
84.46.251.99:80	vmi2896053.contaboserver.net
56.136.208.123:443	ec2-56-136-208-123.us-gov-west-1.compute.amazonaws.com
56.136.208.123:80	ec2-56-136-208-123.us-gov-west-1.compute.amazonaws.com
204.168.172.175:443	www.ocvault.xyz;ocvault.xyz;static.175.172.168.204.clients.your-server.de
60.205.177.51:80	
54.197.255.244:443	ec2-54-197-255-244.compute-1.amazonaws.com;controlplane.agenticorc.com;lf.agenticorc.com
43.162.107.115:80	
156.38.204.121:443	121.204.38.156.reverse.xneelo.net
223.130.134.162:3000	
161.97.129.114:3000	mail.deviens-dangereux.xyz
3.87.34.224:443	agentops.slaives.org;ec2-3-87-34-224.compute-1.amazonaws.com
43.143.164.183:8000	
65.1.141.211:443	ec2-65-1-141-211.ap-south-1.compute.amazonaws.com;agentops.showholdings.com
